Номер операции,Время(нс),Количество операций
1 , 26300 , 9
2 , 6200 , 13
3 , 25400 , 14
4 , 10600 , 14
5 , 13300 , 12
6 , 15700 , 15
7 , 4100 , 8
8 , 8400 , 8
9 , 7100 , 16
10 , 9600 , 18
11 , 8900 , 16
12 , 4400 , 7
13 , 6600 , 8
14 , 7300 , 16
15 , 6900 , 6
16 , 7000 , 13
17 , 7500 , 9
18 , 10900 , 21
19 , 10800 , 11
20 , 4700 , 10
21 , 7700 , 16
22 , 6300 , 8
23 , 8900 , 19
24 , 9800 , 16
25 , 9200 , 16
26 , 6400 , 11
27 , 3900 , 9
28 , 4500 , 10
29 , 7000 , 10
30 , 7000 , 14
31 , 4700 , 11
32 , 8600 , 12
33 , 8500 , 11
34 , 9100 , 13
35 , 8900 , 12
36 , 8500 , 9
37 , 8500 , 15
38 , 7200 , 16
39 , 4100 , 10
40 , 4000 , 7
41 , 5700 , 13
42 , 4300 , 17
43 , 6600 , 10
44 , 610800 , 10
45 , 7500 , 13
46 , 6800 , 13
47 , 4300 , 10
48 , 6200 , 8
49 , 8600 , 15
50 , 5200 , 10
51 , 9200 , 13
52 , 4900 , 13
53 , 12200 , 21
54 , 7200 , 9
55 , 8600 , 11
56 , 5500 , 10
57 , 4700 , 8
58 , 5000 , 10
59 , 10700 , 15
60 , 8200 , 16
61 , 4800 , 6
62 , 6500 , 10
63 , 5500 , 12
64 , 5700 , 9
65 , 8200 , 8
66 , 5000 , 16
67 , 5000 , 14
68 , 4500 , 9
69 , 9300 , 15
70 , 9300 , 18
71 , 4800 , 13
72 , 9200 , 16
73 , 4800 , 12
74 , 74700 , 9
75 , 12600 , 17
76 , 10800 , 10
77 , 4800 , 12
78 , 6300 , 15
79 , 4100 , 10
80 , 5500 , 22
81 , 7700 , 16
82 , 6700 , 10
83 , 38100 , 14
84 , 8600 , 12
85 , 3900 , 12
86 , 7900 , 8
87 , 8300 , 13
88 , 6000 , 11
89 , 8300 , 12
90 , 3200 , 7
91 , 4300 , 17
92 , 11700 , 16
93 , 4200 , 11
94 , 6800 , 16
95 , 8300 , 13
96 , 7400 , 10
97 , 6200 , 10
98 , 6000 , 10
99 , 3800 , 6
100 , 7200 , 13
101 , 6100 , 15
102 , 4900 , 13
103 , 5500 , 8
104 , 6900 , 15
105 , 4500 , 15
106 , 9800 , 13
107 , 6400 , 14
108 , 6600 , 5
109 , 8500 , 11
110 , 8700 , 14
111 , 7100 , 12
112 , 3400 , 11
113 , 7800 , 16
114 , 4500 , 16
115 , 6300 , 10
116 , 5800 , 8
117 , 3200 , 9
118 , 3600 , 7
119 , 7700 , 16
120 , 4300 , 10
121 , 4300 , 12
122 , 6500 , 14
123 , 4100 , 10
124 , 7300 , 11
125 , 7200 , 19
126 , 8200 , 11
127 , 10600 , 12
128 , 128300 , 8
129 , 5800 , 17
130 , 5500 , 16
131 , 6300 , 13
132 , 7500 , 11
133 , 5300 , 9
134 , 4900 , 14
135 , 8700 , 15
136 , 4600 , 12
137 , 6500 , 14
138 , 8600 , 11
139 , 5000 , 11
140 , 7300 , 11
141 , 6000 , 11
142 , 4400 , 14
143 , 5200 , 9
144 , 6600 , 5
145 , 8900 , 18
146 , 5400 , 11
147 , 14400 , 24
148 , 6600 , 11
149 , 5100 , 14
150 , 7000 , 10
151 , 7400 , 17
152 , 8200 , 9
153 , 6500 , 8
154 , 6900 , 12
155 , 4500 , 12
156 , 8300 , 10
157 , 4600 , 11
158 , 4300 , 7
159 , 4000 , 8
160 , 6800 , 11
161 , 8800 , 16
162 , 6900 , 7
163 , 11200 , 11
164 , 4600 , 15
165 , 13500 , 15
166 , 7000 , 14
167 , 6700 , 15
168 , 6800 , 11
169 , 9800 , 15
170 , 5800 , 12
171 , 8000 , 8
172 , 8400 , 15
173 , 6000 , 10
174 , 10100 , 11
175 , 5200 , 13
176 , 9400 , 9
177 , 4600 , 13
178 , 9000 , 15
179 , 6300 , 10
180 , 6900 , 12
181 , 7900 , 18
182 , 4100 , 10
183 , 9600 , 11
184 , 5900 , 9
185 , 8100 , 13
186 , 4500 , 10
187 , 4500 , 8
188 , 4100 , 11
189 , 6300 , 7
190 , 46200 , 17
191 , 3700 , 8
192 , 7800 , 15
193 , 6200 , 17
194 , 4400 , 11
195 , 3200 , 7
196 , 2900 , 12
197 , 5000 , 11
198 , 7600 , 12
199 , 7100 , 14
200 , 7700 , 18
201 , 7100 , 15
202 , 12300 , 14
203 , 3800 , 15
204 , 5500 , 12
205 , 5200 , 11
206 , 3900 , 14
207 , 3700 , 11
208 , 5600 , 14
209 , 7200 , 16
210 , 5000 , 12
211 , 3900 , 8
212 , 3600 , 16
213 , 3600 , 11
214 , 6300 , 11
215 , 3800 , 7
216 , 3700 , 12
217 , 3300 , 12
218 , 7200 , 10
219 , 4900 , 8
220 , 9300 , 8
221 , 3800 , 8
222 , 4100 , 18
223 , 5100 , 8
224 , 4700 , 12
225 , 6100 , 13
226 , 3700 , 17
227 , 4000 , 11
228 , 6300 , 16
229 , 3400 , 10
230 , 5500 , 9
231 , 7100 , 13
232 , 6400 , 17
233 , 3900 , 11
234 , 8500 , 14
235 , 3700 , 7
236 , 9400 , 10
237 , 7100 , 13
238 , 11200 , 5
239 , 7100 , 17
240 , 8700 , 16
241 , 6000 , 13
242 , 5400 , 15
243 , 5900 , 16
244 , 3900 , 12
245 , 3800 , 11
246 , 4400 , 8
247 , 5800 , 10
248 , 3800 , 11
249 , 4600 , 9
250 , 4100 , 11
251 , 3500 , 7
252 , 6500 , 21
253 , 7100 , 16
254 , 4100 , 12
255 , 9300 , 18
256 , 14800 , 15
257 , 5400 , 17
258 , 4200 , 17
259 , 3900 , 15
260 , 3600 , 8
261 , 4800 , 13
262 , 4400 , 17
263 , 3800 , 11
264 , 6100 , 16
265 , 4800 , 12
266 , 8800 , 16
267 , 6400 , 9
268 , 3800 , 7
269 , 3900 , 15
270 , 11200 , 8
271 , 4000 , 11
272 , 3600 , 11
273 , 3900 , 15
274 , 4100 , 9
275 , 10800 , 15
276 , 6600 , 13
277 , 6800 , 10
278 , 3300 , 11
279 , 5500 , 15
280 , 6700 , 8
281 , 4600 , 13
282 , 8200 , 13
283 , 7600 , 10
284 , 8300 , 16
285 , 6200 , 11
286 , 7100 , 18
287 , 7900 , 10
288 , 4800 , 13
289 , 5900 , 13
290 , 6700 , 16
291 , 3400 , 8
292 , 5900 , 14
293 , 10400 , 6
294 , 4200 , 12
295 , 6200 , 7
296 , 4600 , 10
297 , 7100 , 16
298 , 8800 , 11
299 , 4600 , 13
300 , 6900 , 15
301 , 9100 , 15
302 , 6100 , 9
303 , 6300 , 13
304 , 5800 , 13
305 , 5300 , 10
306 , 7600 , 11
307 , 3700 , 15
308 , 8500 , 10
309 , 6500 , 9
310 , 5300 , 15
311 , 7400 , 12
312 , 4100 , 8
313 , 3800 , 14
314 , 3800 , 12
315 , 4600 , 11
316 , 6300 , 14
317 , 8100 , 14
318 , 5100 , 9
319 , 6400 , 9
320 , 3700 , 7
321 , 5200 , 13
322 , 7300 , 12
323 , 3700 , 7
324 , 4200 , 8
325 , 6600 , 7
326 , 6600 , 15
327 , 7800 , 12
328 , 4700 , 14
329 , 8000 , 12
330 , 8200 , 7
331 , 5700 , 12
332 , 4200 , 17
333 , 7400 , 14
334 , 6700 , 16
335 , 5500 , 10
336 , 7200 , 15
337 , 3800 , 8
338 , 5800 , 17
339 , 3700 , 8
340 , 5600 , 9
341 , 5700 , 15
342 , 4400 , 12
343 , 111600 , 16
344 , 4300 , 18
345 , 4300 , 10
346 , 4100 , 10
347 , 5900 , 14
348 , 13300 , 17
349 , 67600 , 5
350 , 4300 , 16
351 , 6100 , 13
352 , 5000 , 12
353 , 4800 , 12
354 , 3800 , 10
355 , 6200 , 17
356 , 27300 , 13
357 , 8000 , 15
358 , 6100 , 10
359 , 24500 , 14
360 , 7000 , 16
361 , 21600 , 10
362 , 9200 , 10
363 , 5000 , 9
364 , 6300 , 8
365 , 4100 , 11
366 , 13300 , 17
367 , 7800 , 13
368 , 5300 , 8
369 , 6400 , 15
370 , 10700 , 14
371 , 7100 , 9
372 , 3600 , 4
373 , 8800 , 16
374 , 4000 , 11
375 , 7300 , 12
376 , 5000 , 14
377 , 4400 , 15
378 , 6900 , 13
379 , 5800 , 16
380 , 8200 , 17
381 , 4900 , 7
382 , 8200 , 13
383 , 5100 , 11
384 , 11000 , 6
385 , 6600 , 10
386 , 5600 , 12
387 , 5000 , 10
388 , 4000 , 12
389 , 3600 , 6
390 , 4700 , 14
391 , 4600 , 7
392 , 5000 , 15
393 , 8900 , 4
394 , 6400 , 10
395 , 7900 , 8
396 , 7200 , 13
397 , 10300 , 13
398 , 6200 , 12
399 , 7600 , 13
400 , 10500 , 23
401 , 4100 , 10
402 , 6100 , 13
403 , 9500 , 9
404 , 8300 , 12
405 , 4200 , 11
406 , 5900 , 15
407 , 5200 , 4
408 , 4300 , 6
409 , 6600 , 14
410 , 6000 , 18
411 , 7200 , 6
412 , 4800 , 13
413 , 3700 , 12
414 , 6100 , 17
415 , 7900 , 12
416 , 4200 , 10
417 , 5800 , 10
418 , 6100 , 14
419 , 4900 , 16
420 , 8400 , 15
421 , 10900 , 9
422 , 7000 , 14
423 , 7100 , 17
424 , 6600 , 15
425 , 6100 , 7
426 , 3200 , 8
427 , 6600 , 12
428 , 8900 , 16
429 , 4100 , 11
430 , 6400 , 14
431 , 6600 , 14
432 , 6300 , 12
433 , 3800 , 10
434 , 4400 , 12
435 , 4000 , 10
436 , 8300 , 17
437 , 6800 , 15
438 , 4200 , 13
439 , 10200 , 12
440 , 6400 , 8
441 , 4400 , 10
442 , 5900 , 12
443 , 3800 , 11
444 , 3200 , 8
445 , 3700 , 8
446 , 4600 , 13
447 , 3700 , 11
448 , 3800 , 11
449 , 3600 , 9
450 , 3900 , 10
451 , 5600 , 9
452 , 8500 , 17
453 , 3900 , 6
454 , 8700 , 12
455 , 6100 , 12
456 , 5000 , 9
457 , 10200 , 15
458 , 15600 , 15
459 , 4100 , 11
460 , 4600 , 11
461 , 8100 , 12
462 , 8000 , 14
463 , 4900 , 14
464 , 3800 , 13
465 , 3400 , 12
466 , 2700 , 9
467 , 4700 , 14
468 , 7000 , 15
469 , 3400 , 12
470 , 11100 , 14
471 , 4600 , 10
472 , 3000 , 5
473 , 3100 , 12
474 , 4900 , 14
475 , 2800 , 8
476 , 10000 , 11
477 , 3100 , 5
478 , 2800 , 9
479 , 4300 , 12
480 , 4300 , 14
481 , 3100 , 8
482 , 4800 , 12
483 , 5000 , 7
484 , 3100 , 14
485 , 3900 , 14
486 , 3000 , 8
487 , 3800 , 15
488 , 10000 , 13
489 , 5000 , 9
490 , 3100 , 6
491 , 4000 , 9
492 , 4000 , 12
493 , 3200 , 14
494 , 7400 , 9
495 , 5100 , 13
496 , 5300 , 14
497 , 3700 , 13
498 , 5500 , 11
499 , 3700 , 15
500 , 3000 , 5
501 , 6800 , 17
502 , 5700 , 7
503 , 3900 , 13
504 , 3000 , 6
505 , 5200 , 12
506 , 8000 , 15
507 , 2600 , 8
508 , 3900 , 16
509 , 8200 , 12
510 , 4200 , 11
511 , 6100 , 13
512 , 28100 , 14
513 , 3700 , 6
514 , 3700 , 12
515 , 5400 , 15
516 , 4000 , 16
517 , 6900 , 11
518 , 3000 , 12
519 , 2600 , 8
520 , 5500 , 10
521 , 3400 , 12
522 , 5900 , 13
523 , 5600 , 11
524 , 5600 , 11
525 , 4700 , 8
526 , 7200 , 11
527 , 4000 , 9
528 , 2900 , 12
529 , 7000 , 21
530 , 3400 , 13
531 , 8800 , 16
532 , 6000 , 10
533 , 4300 , 14
534 , 4000 , 12
535 , 3800 , 8
536 , 2700 , 12
537 , 4300 , 14
538 , 4900 , 8
539 , 6200 , 12
540 , 3400 , 15
541 , 5700 , 14
542 , 5400 , 12
543 , 11000 , 10
544 , 10500 , 13
545 , 5900 , 13
546 , 2500 , 10
547 , 2900 , 14
548 , 5100 , 10
549 , 10500 , 9
550 , 5300 , 14
551 , 5000 , 14
552 , 7800 , 15
553 , 3500 , 8
554 , 3000 , 11
555 , 9100 , 9
556 , 7400 , 7
557 , 3400 , 16
558 , 6400 , 9
559 , 4900 , 13
560 , 5700 , 14
561 , 3200 , 13
562 , 3600 , 13
563 , 4900 , 13
564 , 5900 , 11
565 , 5800 , 14
566 , 8300 , 13
567 , 5700 , 17
568 , 3200 , 10
569 , 7700 , 13
570 , 4300 , 14
571 , 10200 , 12
572 , 7000 , 17
573 , 4000 , 14
574 , 3500 , 15
575 , 5700 , 11
576 , 3100 , 14
577 , 5100 , 11
578 , 2600 , 12
579 , 3300 , 11
580 , 4900 , 7
581 , 34200 , 15
582 , 3700 , 6
583 , 5400 , 8
584 , 231400 , 12
585 , 9600 , 11
586 , 18600 , 11
587 , 13400 , 8
588 , 13100 , 13
589 , 4500 , 6
590 , 14200 , 13
591 , 5500 , 11
592 , 12400 , 15
593 , 2500 , 15
594 , 5500 , 11
595 , 20900 , 11
596 , 16300 , 7
597 , 7400 , 14
598 , 14700 , 13
599 , 10500 , 9
600 , 4100 , 15
601 , 2100 , 8
602 , 3900 , 17
603 , 6900 , 15
604 , 6200 , 11
605 , 8300 , 8
606 , 7300 , 16
607 , 13600 , 15
608 , 3100 , 11
609 , 11200 , 9
610 , 5200 , 9
611 , 3400 , 8
612 , 4100 , 14
613 , 9500 , 12
614 , 4200 , 14
615 , 12100 , 10
616 , 2700 , 10
617 , 7200 , 12
618 , 2400 , 10
619 , 20000 , 13
620 , 9300 , 10
621 , 10600 , 15
622 , 8400 , 16
623 , 7100 , 12
624 , 6900 , 17
625 , 3500 , 15
626 , 3600 , 14
627 , 1900 , 10
628 , 2000 , 9
629 , 4200 , 8
630 , 4700 , 10
631 , 2600 , 16
632 , 7000 , 12
633 , 7500 , 9
634 , 5500 , 15
635 , 8900 , 11
636 , 7000 , 16
637 , 11800 , 19
638 , 3400 , 15
639 , 2700 , 15
640 , 42000 , 15
641 , 7200 , 13
642 , 12000 , 17
643 , 6300 , 9
644 , 8800 , 12
645 , 2300 , 8
646 , 1300 , 9
647 , 1200 , 15
648 , 3300 , 13
649 , 1500 , 12
650 , 2300 , 16
651 , 2900 , 10
652 , 3300 , 14
653 , 5400 , 11
654 , 11800 , 14
655 , 1300 , 11
656 , 2700 , 10
657 , 9100 , 8
658 , 3600 , 10
659 , 17500 , 9
660 , 3800 , 17
661 , 2600 , 11
662 , 1900 , 17
663 , 7900 , 8
664 , 3400 , 11
665 , 4800 , 14
666 , 3800 , 14
667 , 1700 , 15
668 , 3100 , 11
669 , 2600 , 6
670 , 23100 , 13
671 , 3900 , 15
672 , 2100 , 9
673 , 4500 , 10
674 , 1500 , 5
675 , 2000 , 15
676 , 3300 , 14
677 , 3100 , 11
678 , 2100 , 11
679 , 3600 , 9
680 , 7100 , 12
681 , 4800 , 13
682 , 1700 , 14
683 , 10200 , 13
684 , 5600 , 14
685 , 2400 , 15
686 , 1800 , 10
687 , 8400 , 15
688 , 2700 , 15
689 , 1800 , 10
690 , 4000 , 11
691 , 1900 , 11
692 , 6900 , 9
693 , 1900 , 10
694 , 1200 , 9
695 , 7400 , 14
696 , 8100 , 15
697 , 1400 , 7
698 , 2100 , 12
699 , 8400 , 15
700 , 2300 , 13
701 , 3000 , 12
702 , 7500 , 12
703 , 8400 , 11
704 , 12700 , 13
705 , 1900 , 10
706 , 2900 , 10
707 , 3900 , 14
708 , 4500 , 19
709 , 1900 , 9
710 , 3100 , 15
711 , 2900 , 19
712 , 5800 , 11
713 , 5000 , 19
714 , 2300 , 11
715 , 1200 , 9
716 , 4200 , 21
717 , 2400 , 13
718 , 4400 , 12
719 , 2700 , 14
720 , 7100 , 9
721 , 12300 , 16
722 , 3600 , 18
723 , 8300 , 12
724 , 2500 , 12
725 , 1700 , 7
726 , 4000 , 5
727 , 7200 , 16
728 , 11800 , 18
729 , 9900 , 14
730 , 4200 , 15
731 , 8400 , 12
732 , 7900 , 6
733 , 3300 , 14
734 , 9100 , 11
735 , 1900 , 8
736 , 2900 , 14
737 , 2600 , 7
738 , 1400 , 14
739 , 6500 , 14
740 , 1700 , 15
741 , 1800 , 12
742 , 7500 , 11
743 , 1900 , 18
744 , 5900 , 9
745 , 1700 , 10
746 , 1900 , 12
747 , 2600 , 13
748 , 3600 , 11
749 , 3400 , 13
750 , 4400 , 10
751 , 1700 , 10
752 , 6100 , 12
753 , 1500 , 9
754 , 1700 , 20
755 , 1700 , 11
756 , 2200 , 12
757 , 1900 , 14
758 , 2300 , 16
759 , 2100 , 7
760 , 1400 , 10
761 , 1800 , 11
762 , 3700 , 8
763 , 1700 , 12
764 , 2100 , 13
765 , 2000 , 10
766 , 1900 , 16
767 , 1600 , 15
768 , 17800 , 15
769 , 4900 , 14
770 , 2600 , 17
771 , 1500 , 7
772 , 2900 , 8
773 , 9600 , 13
774 , 8100 , 9
775 , 3000 , 9
776 , 1500 , 12
777 , 1500 , 10
778 , 12800 , 12
779 , 12600 , 11
780 , 2800 , 14
781 , 1900 , 16
782 , 5200 , 16
783 , 1400 , 19
784 , 7200 , 8
785 , 1500 , 12
786 , 3100 , 12
787 , 1100 , 14
788 , 6800 , 14
789 , 1200 , 13
790 , 7900 , 9
791 , 3700 , 12
792 , 5900 , 10
793 , 1700 , 6
794 , 4200 , 13
795 , 2800 , 8
796 , 2800 , 20
797 , 1700 , 8
798 , 8000 , 19
799 , 4900 , 14
800 , 5100 , 11
801 , 1500 , 14
802 , 5200 , 9
803 , 2200 , 16
804 , 16200 , 12
805 , 16700 , 17
806 , 10000 , 12
807 , 4100 , 12
808 , 12200 , 10
809 , 5300 , 7
810 , 10000 , 13
811 , 7700 , 15
812 , 1900 , 9
813 , 8600 , 13
814 , 1800 , 11
815 , 5400 , 9
816 , 1900 , 7
817 , 2200 , 10
818 , 2100 , 9
819 , 1800 , 13
820 , 5200 , 9
821 , 1900 , 12
822 , 3800 , 12
823 , 4600 , 7
824 , 7300 , 10
825 , 5500 , 13
826 , 4800 , 12
827 , 1600 , 14
828 , 3600 , 13
829 , 6900 , 17
830 , 1800 , 12
831 , 3200 , 10
832 , 6800 , 10
833 , 7400 , 12
834 , 6800 , 12
835 , 4500 , 16
836 , 8400 , 9
837 , 2000 , 11
838 , 2900 , 12
839 , 5900 , 15
840 , 1500 , 9
841 , 8600 , 8
842 , 2700 , 11
843 , 3400 , 8
844 , 2900 , 14
845 , 1300 , 15
846 , 3500 , 12
847 , 3000 , 9
848 , 1500 , 14
849 , 3300 , 10
850 , 4600 , 12
851 , 1300 , 9
852 , 3200 , 17
853 , 1800 , 13
854 , 5800 , 7
855 , 6100 , 12
856 , 9700 , 7
857 , 2200 , 10
858 , 1700 , 13
859 , 1900 , 14
860 , 3900 , 15
861 , 4400 , 9
862 , 7600 , 16
863 , 3100 , 7
864 , 9300 , 7
865 , 5300 , 12
866 , 2400 , 12
867 , 1400 , 10
868 , 1000 , 9
869 , 1300 , 10
870 , 3600 , 11
871 , 4700 , 9
872 , 2100 , 15
873 , 3600 , 9
874 , 2200 , 14
875 , 1200 , 9
876 , 5600 , 8
877 , 2000 , 9
878 , 1200 , 16
879 , 3300 , 17
880 , 1200 , 13
881 , 1800 , 13
882 , 3100 , 15
883 , 8200 , 11
884 , 1700 , 12
885 , 2700 , 14
886 , 1400 , 16
887 , 1300 , 9
888 , 2200 , 13
889 , 900 , 15
890 , 3200 , 14
891 , 9700 , 7
892 , 8000 , 10
893 , 3900 , 18
894 , 2700 , 15
895 , 7900 , 17
896 , 27500 , 14
897 , 4000 , 19
898 , 4300 , 11
899 , 9400 , 11
900 , 2600 , 13
901 , 3000 , 13
902 , 1700 , 9
903 , 9000 , 17
904 , 4100 , 17
905 , 1500 , 7
906 , 13700 , 18
907 , 2500 , 13
908 , 2000 , 8
909 , 1600 , 8
910 , 8800 , 17
911 , 1600 , 8
912 , 1800 , 11
913 , 1600 , 15
914 , 25000 , 11
915 , 2100 , 11
916 , 9400 , 14
917 , 5400 , 10
918 , 4300 , 16
919 , 1600 , 7
920 , 4900 , 17
921 , 7800 , 10
922 , 5700 , 7
923 , 2800 , 8
924 , 9500 , 10
925 , 35400 , 21
926 , 2900 , 15
927 , 2600 , 13
928 , 2000 , 3
929 , 3900 , 13
930 , 1300 , 13
931 , 3600 , 14
932 , 13700 , 13
933 , 244500 , 8
934 , 5400 , 7
935 , 1600 , 7
936 , 5200 , 8
937 , 2200 , 15
938 , 1700 , 10
939 , 1600 , 12
940 , 3000 , 9
941 , 4800 , 13
942 , 1500 , 13
943 , 3900 , 5
944 , 1400 , 11
945 , 2600 , 13
946 , 3800 , 10
947 , 3100 , 10
948 , 5100 , 15
949 , 2400 , 12
950 , 3300 , 16
951 , 18700 , 14
952 , 3500 , 9
953 , 3300 , 16
954 , 1700 , 9
955 , 1400 , 10
956 , 1800 , 10
957 , 4300 , 8
958 , 3400 , 10
959 , 3600 , 6
960 , 1500 , 8
961 , 9700 , 11
962 , 2500 , 14
963 , 2900 , 11
964 , 1200 , 5
965 , 3500 , 11
966 , 3400 , 9
967 , 1500 , 11
968 , 2100 , 10
969 , 7900 , 13
970 , 1900 , 12
971 , 3400 , 13
972 , 1800 , 11
973 , 4000 , 12
974 , 3300 , 18
975 , 3200 , 11
976 , 2100 , 11
977 , 2200 , 10
978 , 7500 , 13
979 , 2200 , 11
980 , 1800 , 13
981 , 3500 , 10
982 , 4700 , 13
983 , 2400 , 14
984 , 2200 , 13
985 , 1700 , 7
986 , 2100 , 9
987 , 7500 , 19
988 , 20700 , 7
989 , 4300 , 12
990 , 1300 , 16
991 , 5700 , 17
992 , 3800 , 12
993 , 1100 , 11
994 , 900 , 16
995 , 3000 , 10
996 , 4000 , 13
997 , 2100 , 14
998 , 4700 , 17
999 , 2100 , 14
1000 , 1300 , 14
