step,key,operations,nanos
1,892393,13,39600
2,173970,14,29800
3,31518,11,32800
4,494262,17,14000
5,910455,20,13800
6,808762,21,15100
7,298101,17,12300
8,659070,16,17200
9,346795,16,11600
10,207691,18,10500
11,302045,10,6300
12,950669,19,15100
13,744794,21,14500
14,124239,11,11400
15,576299,13,16100
16,586126,13,6300
17,827884,20,13000
18,611079,16,12000
19,553103,9,16400
20,360690,15,13300
21,625786,18,10500
22,477875,7,8700
23,648589,14,10700
24,945938,22,12700
25,853592,16,9100
26,194069,17,12600
27,778663,14,24800
28,714399,16,15200
29,347167,17,13000
30,672501,12,11200
31,990960,21,11300
32,836280,19,11900
33,18295,7,15400
34,426477,12,16200
35,802371,22,14000
36,197184,12,9300
37,576600,12,6243500
38,880593,13,30200
39,932036,17,4600
40,442221,13,15800
41,133795,10,3300
42,902261,14,9300
43,306184,17,29100
44,89669,10,6500
45,534558,13,12100
46,55817,16,7000
47,244008,11,8600
48,523188,14,5700
49,559194,14,5000
50,218270,8,5200
51,47025,12,3700
52,29241,8,2800
53,480446,8,2400
54,146566,15,8600
55,451631,14,8000
56,498818,10,6300
57,962034,22,2800
58,996865,20,5700
59,190836,14,4300
60,817928,11,3000
61,742243,17,6200
62,747532,20,4600
63,39243,13,7700
64,689514,12,7600
65,95124,12,2600
66,859758,19,6300
67,464768,18,2500
68,276947,13,6700
69,156391,9,5000
70,701378,15,7000
71,415253,13,5700
72,495276,13,2500
73,204772,13,2300
74,583351,8,5000
75,661579,13,7300
76,923483,16,4700
77,921585,18,5200
78,751529,11,4100
79,801451,17,6000
80,330246,10,2700
81,493564,14,4700
82,848324,15,2200
83,737458,15,6100
84,134580,13,2400
85,165461,10,6200
86,330191,12,2000
87,289798,10,5300
88,464430,18,4500
89,534921,11,8800
90,271206,11,5600
91,330281,10,1900
92,232475,11,2300
93,304668,16,6800
94,858314,18,2600
95,757732,11,4100
96,708065,11,9700
97,635460,16,10000
98,803884,10,5000
99,250657,15,6100
100,13570,12,8500
101,24169,11,2200
102,998825,21,2000
103,120609,10,4800
104,286423,14,5800
105,499205,12,4700
106,490237,10,1039200
107,540305,15,14500
108,865350,10,9800
109,87332,10,5300
110,81581,7,7600
111,798657,16,4200
112,400960,13,9900
113,172563,12,4700
114,180009,9,5200
115,404847,15,4800
116,31053,10,8300
117,46851,9,2600
118,524909,17,13500
119,741901,15,5500
120,450766,15,4000
121,12702,7,2600
122,89549,10,4600
123,298677,17,5400
124,689026,10,7300
125,521567,14,4000
126,932974,16,6500
127,54981,12,3200
128,13073,8,5200
129,857981,14,3100
130,13706,10,2400
131,549909,11,9100
132,582322,12,2500
133,145476,13,4600
134,768822,11,5900
135,147456,14,4300
136,851055,14,5000
137,880773,8,3700
138,367601,16,2500
139,656431,12,6200
140,846678,14,9200
141,984574,18,4700
142,889303,16,4100
143,755679,13,3600
144,273557,18,5300
145,271998,11,2900
146,44499,11,8300
147,517114,11,2800
148,645381,11,9700
149,343476,10,3100
150,556488,14,3600
151,818123,13,2700
152,593975,15,9300
153,579712,12,5300
154,43197,9,2400
155,894519,13,5400
156,176764,19,13000
157,7199,9,12800
158,485625,9,6200
159,336986,9,3500
160,351247,12,8200
161,274179,13,2600
162,731915,12,3700
163,62714,11,2800
164,404126,11,6000
165,760147,11,6700
166,742846,18,6300
167,633227,14,6000
168,619225,13,6400
169,972726,16,6300
170,465959,21,6900
171,858221,14,2900
172,116062,9,10600
173,771518,15,6100
174,882341,13,4300
175,294607,12,3700
176,926620,18,6000
177,109854,15,7600
178,796621,11,6300
179,264309,11,5600
180,577476,13,2400
181,695407,12,5500
182,401709,16,5800
183,623790,15,766300
184,810103,11,4600
185,1802,6,12700
186,411510,14,6000
187,210086,20,6600
188,415636,13,2400
189,145661,11,2600
190,386830,12,5500
191,270604,13,5000
192,202848,13,3700
193,523810,16,8400
194,638636,16,4700
195,176269,14,2800
196,158085,9,4000
197,146030,12,3800
198,166777,8,4500
199,341151,12,3500
200,918744,13,6400
201,566160,14,2600
202,460513,13,4200
203,58285,7,9600
204,725072,17,5800
205,685141,13,8400
206,648516,8,3400
207,275480,16,4100
208,835885,17,3100
209,197131,13,6900
210,428970,17,3000
211,60927,9,5700
212,833986,17,2300
213,228682,13,7000
214,302262,13,4100
215,542650,12,10200
216,277203,12,2400
217,412062,12,2200
218,92962,14,7600
219,413738,12,5000
220,31812,8,2100
221,555996,11,2400
222,250525,14,5700
223,130443,12,4400
224,652258,12,3500
225,747802,16,5700
226,194808,11,3900
227,215939,9,942600
228,832841,14,4200
229,880701,10,9300
230,42753,9,5700
231,28637,3,2500
232,480820,10,6700
233,9406,12,5000
234,526632,9,5200
235,495351,13,5400
236,54265,12,9500
237,704426,14,3700
238,71525,13,19100
239,393525,12,9700
240,928689,10,3300
241,366145,8,5800
242,776415,13,7400
243,308340,16,11700
244,952235,16,3600
245,307458,12,4200
246,48068,13,6800
247,276329,13,6300
248,810576,10,2700
249,50365,13,8800
250,99390,13,5400
251,598137,18,16300
252,651855,9,5400
253,653598,13,4800
254,515559,9,4600
255,795721,11,2100
256,230024,12,9100
257,9359,10,5900
258,866872,9,6200
259,736865,11,11000
260,300837,14,8600
261,431577,13,5900
262,932431,14,4100
263,165888,13,6600
264,171464,9,2500
265,211443,6,5500
266,730610,14,9500
267,372765,8,5900
268,399493,10,4900
269,636529,20,7000
270,349541,11,4400
271,216347,7,2200
272,79806,9,13200
273,891679,12,10900
274,153330,12,15600
275,83461,13,2500
276,530536,12,4000
277,743291,13,6600
278,916747,9,7000
279,506283,10,4600
280,642367,6,9000
281,81836,11,4900
282,4748,7,4200
283,183068,15,3900
284,721941,11,7000
285,207981,16,4300
286,810115,13,4500
287,336275,14,7200
288,534360,12,4400
289,908091,11,7200
290,74511,17,7400
291,445796,11,2600
292,799933,14,10800
293,498397,10,5900
294,932444,12,3200
295,371382,11,5300
296,353653,16,6400
297,258649,15,10400
298,864609,21,8900
299,981319,12,2500
300,18685,13,8700
301,99361,10,2400
302,253589,10,2100
303,320610,15,6300
304,329665,13,3700
305,358729,6,3000
306,794360,16,7400
307,401488,14,4800
308,793775,12,5200
309,618641,14,8300
310,904870,16,6100
311,421235,18,4500
312,986302,17,5900
313,813581,13,2400
314,357226,18,10500
315,116447,9,2800
316,3191,6,2200
317,10184,7,1700
318,329719,13,5200
319,479102,12,5100
320,995303,20,5600
321,768945,12,4900
322,112431,9,4000
323,635658,16,2600
324,865751,12,7100
325,844357,9,2700
326,610122,12,3200
327,536984,9,2700
328,773896,9,2100
329,511069,9,7500
330,41418,5,12200
331,528465,14,6100
332,255440,12,4500
333,23210,10,2200
334,744762,16,5400
335,134429,12,4900
336,212656,10,5300
337,432582,12,2600
338,516890,11,2900
339,64632,10,2900
340,229894,10,2900
341,908348,10,5100
342,888047,15,5100
343,525713,19,5100
344,527123,9,3200
345,963773,17,6900
346,488462,12,4600
347,942284,12,7600
348,581745,10,6200
349,943551,14,2300
350,759773,8,2400
351,255518,14,9300
352,556242,14,3500
353,691053,11,8600
354,726668,10,15200
355,38993,5,13600
356,415227,11,3800
357,758394,11,4700
358,52957,12,4600
359,110203,15,6100
360,573639,18,10100
361,155993,11,2600
362,342693,11,2200
363,539484,9,2700
364,948446,19,6400
365,971165,8,3800
366,387015,14,5800
367,12337,12,6400
368,476955,11,6200
369,375684,11,3900
370,675006,16,9700
371,589419,14,3200
372,646439,11,10600
373,623714,13,5200
374,570261,17,7100
375,71188,12,5600
376,143432,11,2500
377,234198,7,2400
378,852939,17,8200
379,700862,13,5200
380,316517,11,5700
381,511305,12,5400
382,524158,18,3700
383,567043,12,2300
384,290329,14,8600
385,126897,15,3600
386,219065,7,5900
387,906705,9,8900
388,651133,11,4300
389,575392,18,5700
390,839581,13,9200
391,242386,15,10900
392,946068,12,7200
393,622961,10,5200
394,277927,9,4700
395,79969,9,2400
396,638720,15,5300
397,303475,9,4800
398,524181,20,6100
399,802469,19,5300
400,73701,12,6300
401,737052,16,7700
402,642445,5,2300
403,288217,12,6200
404,946212,13,7200
405,435053,17,4800
406,683275,10,6800
407,230503,11,5800
408,488519,13,5800
409,584751,12,5300
410,763816,13,5000
411,564976,11,2500
412,601996,14,2200
413,459540,12,6100
414,416346,15,2300
415,41661,7,1800
416,715033,15,7200
417,739063,17,5800
418,834758,17,5700
419,75186,17,4600
420,105162,12,11000
421,223798,7,2400
422,682684,8,5100
423,50359,10,4700
424,663213,13,4100
425,660989,8,6100
426,535676,14,17000
427,669592,13,6400
428,339330,9,4900
429,239945,10,6900
430,326919,8,3400
431,10098,9,5800
432,760209,12,4400
433,521867,14,5700
434,168554,13,5200
435,841248,16,7600
436,444350,15,5100
437,726313,11,7600
438,201459,13,4800
439,100042,14,2300
440,521805,16,3800
441,439615,19,5000
442,965441,17,5800
443,572506,16,6100
444,60669,13,5600
445,216720,9,5300
446,742566,17,5500
447,50217,9,4000
448,837406,19,4200
449,16134,11,8600
450,115170,6,3700
451,647760,8,4400
452,610881,9,3700
453,590150,16,3600
454,428921,16,5000
455,27108,13,2200
456,551286,14,2200
457,186644,9,2200
458,924350,18,5100
459,804598,15,4600
460,857144,11,2300
461,597784,13,5900
462,708948,15,5800
463,87153,11,4700
464,175131,15,2600
465,487955,13,4300
466,162122,10,2500
467,808651,16,8600
468,800003,11,2300
469,643620,9,2400
470,936759,16,8300
471,154074,12,3900
472,859176,16,4300
473,803894,11,3500
474,822895,15,4500
475,938634,12,3700
476,397656,10,13100
477,797684,8,4500
478,388713,10,8800
479,974946,16,6400
480,530761,10,7700
481,787306,15,7100
482,546125,10,2900
483,532366,13,5200
484,873825,10,2400
485,535678,13,6200
486,766094,7,6600
487,171312,17,7200
488,609242,9,4300
489,67129,14,6000
490,791087,15,7000
491,396027,14,5900
492,770992,15,8500
493,11203,5,12000
494,963146,15,4900
495,321591,17,5400
496,322468,14,3700
497,750729,10,9400
498,332654,11,5000
499,834409,12,4500
500,749077,9,18100
501,261715,12,13500
502,649781,11,6300
503,556778,11,6000
504,197697,17,4900
505,266374,12,6100
506,149331,14,2600
507,304161,10,2100
508,551250,14,4400
509,732622,15,4700
510,632992,11,2300
511,847393,20,4800
512,876515,12,20300
513,656693,8,2700
514,989577,16,4900
515,625911,15,5300
516,235048,13,7200
517,22995,6,2500
518,990787,17,4700
519,95925,12,9400
520,264999,13,3500
521,546558,8,2600
522,927339,17,6600
523,824371,17,5100
524,829902,10,2100
525,559387,9,2400
526,792758,15,6700
527,643364,7,3600
528,693889,13,6300
529,541349,13,7900
530,564939,14,7300
531,194007,15,5400
532,485304,9,2500
533,822456,17,7200
534,826981,18,3700
535,125322,13,13600
536,562391,12,2700
537,446477,16,5300
538,765687,15,9100
539,182192,13,4900
540,849731,15,4700
541,948623,16,5600
542,884739,11,2600
543,263622,10,6900
544,391813,9,5100
545,823129,14,99300
546,40651,9,5100
547,600551,16,6000
548,124921,10,7000
549,26585,9,4100
550,606364,21,7100
551,872980,9,5100
552,354815,14,4700
553,380838,17,8600
554,819559,15,6300
555,184675,14,5500
556,504918,12,6400
557,595327,17,2200
558,496655,9,7400
559,959708,19,4800
560,76073,5,5500
561,782953,14,8400
562,285825,15,6700
563,765852,15,15800
564,256267,15,9100
565,925015,15,6900
566,654478,9,4800
567,247206,12,4900
568,973604,12,4600
569,228287,9,22700
570,39134,6,2400
571,48687,8,5200
572,500320,13,5700
573,564559,16,2500
574,826928,18,5100
575,543086,15,5500
576,103694,12,7900
577,626285,10,6800
578,123445,9,6300
579,983847,17,8100
580,302923,13,4500
581,942222,14,6000
582,188445,15,7000
583,207597,19,4300
584,740811,18,6300
585,321086,15,4600
586,173621,12,4800
587,730646,14,7300
588,804565,13,2200
589,219987,6,6100
590,60272,9,4700
591,868579,14,7700
592,376730,13,8200
593,544629,16,3500
594,559435,12,5500
595,365455,12,4900
596,748787,6,5500
597,445754,13,7200
598,607620,8,4700
599,637992,12,2200
600,222050,10,6700
601,192121,17,6100
602,768613,16,5400
603,778733,13,7500
604,958301,13,4600
605,181070,10,6300
606,205558,16,3900
607,628162,15,5300
608,125965,13,4200
609,597529,16,2800
610,210523,18,2400
611,647149,13,6700
612,932957,15,12300
613,331268,7,5300
614,513980,15,4500
615,690885,10,4700
616,804638,11,4400
617,30108,7,4100
618,393363,11,3800
619,688992,7,5300
620,843128,14,3100
621,567692,13,4500
622,227503,7,10000
623,414462,13,4400
624,204054,14,3700
625,87063,9,2300
626,477683,14,17700
627,926526,17,7100
628,237829,12,5700
629,556542,14,4900
630,527498,12,7100
631,140780,11,2300
632,329402,10,2500
633,557097,14,5200
634,471865,17,3700
635,946843,16,8600
636,386922,12,8400
637,28668,6,5900
638,797737,9,5000
639,44116,10,9100
640,287900,10,85600
641,400887,11,6800
642,654641,11,8000
643,237609,11,8000
644,76573,7,4100
645,12761,5,3100
646,695719,11,4600
647,167792,16,6200
648,257435,11,5000
649,420974,13,2600
650,524423,21,8200
651,347333,11,8000
652,308477,11,7300
653,138054,12,5200
654,769671,11,9900
655,232087,7,5100
656,861818,17,7500
657,373958,15,11500
658,793241,15,4800
659,894909,13,2400
660,573439,16,3300
661,904872,14,2900
662,57087,9,7600
663,747686,17,5500
664,584854,9,2500
665,141185,14,4700
666,528906,11,6500
667,292914,15,3300
668,777186,12,36185000
669,233181,10,50600
670,704491,12,25100
671,824536,17,7000
672,259909,18,6700
673,664904,8,6900
674,799254,12,1900
675,989106,19,4500
676,958230,18,93300
677,798372,10,2400
678,86847,10,6700
679,798666,12,3600
680,872539,16,2200
681,669082,9,1900
682,124595,11,3900
683,610078,8,4700
684,146889,20,26900
685,941605,15,6600
686,121512,10,6300
687,798802,16,5200
688,37433,7,8600
689,662860,13,6200
690,364036,12,6700
691,480279,11,6800
692,459235,14,2700
693,248281,12,3900
694,299157,8,6000
695,626695,10,3900
696,486459,11,1400
697,802537,16,3200
698,379676,16,3900
699,559224,13,1800
700,80886,7,3300
701,597092,15,3200
702,803957,13,7000
703,658170,7,1800
704,461392,15,3700
705,278602,14,3900
706,609670,6,2800
707,733585,9,2000
708,769516,10,4500
709,401224,13,3700
710,989535,16,4800
711,436147,19,4500
712,277125,9,1700
713,377156,15,1400
714,560398,14,3700
715,543268,16,4100
716,489320,9,2600
717,196355,13,1700
718,512545,14,1700
719,789352,16,3500
720,773851,13,2800
721,540633,11,2200
722,242169,11,3300
723,424969,15,3600
724,530871,12,3900
725,442636,10,5000
726,180459,11,1700
727,57392,8,1400
728,333805,10,8800
729,915480,13,5500
730,822970,18,4200
731,685067,9,4500
732,458349,13,4100
733,272397,9,3500
734,231483,11,3900
735,294314,13,5100
736,124787,11,2600
737,91089,10,4500
738,374756,10,2000
739,562031,10,1500
740,61152,12,1400
741,231538,13,2700
742,557795,17,4600
743,569376,13,1800
744,262641,7,1900
745,355855,12,1600
746,898359,18,7200
747,344298,13,3800
748,568867,11,1500
749,705903,12,3300
750,287838,10,6800
751,60945,12,3100
752,930606,15,4600
753,280829,11,3700
754,523950,14,2200
755,641662,16,6300
756,450428,12,3800
757,620364,13,6900
758,467447,13,7200
759,54888,8,3300
760,630450,11,5500
761,213108,7,3700
762,686967,14,3800
763,540733,9,1700
764,146537,14,3800
765,575349,17,3300
766,364112,10,1300
767,6659,10,1500
768,584978,12,18980500
769,282650,13,645600
770,300847,9,97400
771,772468,11,35200
772,924823,13,26200
773,260071,17,25400
774,174822,11,1500
775,633122,11,4800
776,972835,9,33000
777,517442,8,1300
778,620657,11,1200
779,411372,11,14200
780,285718,12,1200
781,579299,12,1300
782,591724,12,3300
783,115461,8,1000
784,356690,9,1000
785,203161,12,4200
786,658728,8,4300
787,292821,15,3800
788,567629,14,3700
789,287458,12,4300
790,151544,17,1000
791,808305,15,3700
792,238680,13,3900
793,568286,14,1400
794,772271,11,2000
795,914795,14,2700
796,264196,13,2400
797,68745,14,3900
798,930410,17,22400
799,304960,13,3500
800,354605,9,1900
801,689060,9,3700
802,776028,10,3600
803,922432,11,1100
804,812860,15,2200
805,579508,7,800
806,579853,9,500
807,149619,17,2700
808,960286,17,2700
809,688090,13,800
810,448386,15,2600
811,295327,16,3000
812,895306,17,3900
813,583083,13,1800
814,927544,13,1900
815,775898,11,3700
816,516505,6,600
817,32952,13,4400
818,900170,19,22300
819,660733,13,4600
820,201519,13,3900
821,494515,13,3800
822,629887,12,3500
823,338745,14,3100
824,733064,16,2900
825,10531,10,3600
826,220665,11,4000
827,687135,12,2500
828,646645,12,3700
829,504968,13,4300
830,206781,17,3900
831,111109,17,1100
832,429500,16,3000
833,372419,10,900
834,245534,12,2300
835,71160,11,3500
836,85682,8,3300
837,36484,5,2800
838,309263,13,4500
839,710339,15,3600
840,915513,11,900
841,174996,14,2600
842,964636,16,2500
843,719262,8,4500
844,217392,13,5700
845,193731,17,900
846,510756,10,2500
847,676232,16,4600
848,713159,12,800
849,224488,9,2700
850,443339,10,900
851,294266,12,700
852,236228,10,900
853,462773,15,3200
854,542386,14,900
855,707874,17,2400
856,607681,7,3600
857,179424,13,4400
858,861891,16,3100
859,463457,14,3200
860,564482,15,1800
861,503717,13,4100
862,404928,12,700
863,623418,16,4400
864,549982,7,5200
865,837889,10,1000
866,331643,9,5000
867,235217,11,800
868,950150,14,2700
869,210295,20,4000
870,221175,6,2100
871,84081,6,700
872,789968,14,4700
873,685958,11,1900
874,101786,11,5700
875,602517,14,900
876,774935,10,6700
877,150447,15,3100
878,965440,15,4800
879,694418,7,900
880,132879,14,5100
881,199358,15,2200
882,899518,18,150000
883,766772,9,3100
884,577147,8,1200
885,600335,13,2200
886,896160,14,4200
887,276163,11,4200
888,920744,16,6200
889,882771,8,2500
890,690347,13,1900
891,742438,14,3300
892,124618,12,5200
893,318183,15,1000
894,803012,11,5900
895,781164,15,2100
896,520118,9,1500
897,978667,14,6000
898,114282,11,4300
899,795234,18,3300
900,305720,9,3500
901,260567,6,5100
902,748217,21,5700
903,31481,8,4300
904,108722,14,3000
905,409783,15,3300
906,491230,12,700
907,777135,13,4800
908,596076,12,900
909,511984,13,3800
910,80960,10,54800
911,77598,6,4200
912,111889,8,4600
913,360708,11,2100
914,518425,13,3800
915,182954,14,2100
916,687373,12,2800
917,496907,12,4000
918,243602,14,7100
919,104036,12,2500
920,358638,9,1900
921,396831,12,4400
922,197279,11,2100
923,408320,12,600
924,272620,8,1600
925,546868,8,700
926,548239,10,2900
927,750731,10,7000
928,151646,19,2600
929,559869,14,800
930,412598,12,1100
931,412632,12,500
932,419443,13,900
933,477870,16,4700
934,163147,11,1000
935,416067,12,900
936,999188,19,3000
937,803713,13,2500
938,272768,13,5400
939,506869,13,800
940,965832,18,2800
941,339001,6,4300
942,82645,9,800
943,591991,11,800
944,767092,10,3400
945,391979,11,6100
946,338420,12,2000
947,225789,11,2800
948,951458,14,3600
949,349213,15,5000
950,402067,15,2800
951,676127,12,3600
952,134179,12,9900
953,529588,10,1300
954,868966,12,3500
955,699771,13,900
956,366547,12,3000
957,432075,14,900
958,375256,13,2100
959,397246,11,500
960,717193,18,3800
961,709188,14,800
962,905763,19,1000
963,317515,15,4400
964,350510,14,800
965,319336,11,1000
966,969656,24,6500
967,733259,16,2400
968,661948,11,900
969,597770,18,3500
970,777026,10,4600
971,434202,17,3200
972,392786,9,4800
973,803543,14,5000
974,194614,12,2700
975,805818,16,3800
976,8936,9,52600
977,100502,14,1100
978,49102,7,3000
979,264409,9,2600
980,495447,12,1000
981,879838,17,7700
982,974721,15,4200
983,958659,18,1100
984,575446,15,2800
985,592362,9,1900
986,741412,9,800
987,514704,15,1000
988,625998,13,3100
989,438823,18,2900
990,182946,13,1600
991,587163,14,900
992,746314,18,4300
993,613975,9,1700
994,537795,14,3900
995,514666,14,600
996,62148,13,4200
997,923088,12,3800
998,152568,10,6800
999,524237,14,800
1000,961533,20,3700
